<?xml version="1.0" encoding="UTF-8"?>
<project-private xmlns="http://www.netbeans.org/ns/project-private/1">
    <editor-bookmarks xmlns="http://www.netbeans.org/ns/editor-bookmarks/2" lastBookmarkId="1">
        <file>
            <url>src/gestiondecotizaciones/Usuario.java</url>
            <bookmark id="1">
                <name/>
                <line>41</line>
                <key/>
            </bookmark>
        </file>
    </editor-bookmarks>
    <open-files xmlns="http://www.netbeans.org/ns/projectui-open-files/2">
        <group>
            <file>file:/C:/Users/f/Desktop/Gestion%20de%20Cotizaciones%20del%20Almacen%20de%20Linea%20Electrica/src/grafica/Menu.java</file>
            <file>file:/C:/Users/f/Desktop/Gestion%20de%20Cotizaciones%20del%20Almacen%20de%20Linea%20Electrica/src/persistencia/RegistroElementosReales.java</file>
            <file>file:/C:/Users/f/Desktop/Gestion%20de%20Cotizaciones%20del%20Almacen%20de%20Linea%20Electrica/src/Entidades/Empleado.java</file>
            <file>file:/C:/Users/f/Desktop/Gestion%20de%20Cotizaciones%20del%20Almacen%20de%20Linea%20Electrica/src/persistencia/GestionAlmacen.java</file>
            <file>file:/C:/Users/f/Desktop/Gestion%20de%20Cotizaciones%20del%20Almacen%20de%20Linea%20Electrica/src/logic/LogicaReal.java</file>
            <file>file:/C:/Users/f/Desktop/Gestion%20de%20Cotizaciones%20del%20Almacen%20de%20Linea%20Electrica/src/persistencia/Inventario.java</file>
            <file>file:/C:/Users/f/Desktop/Gestion%20de%20Cotizaciones%20del%20Almacen%20de%20Linea%20Electrica/src/Entidades/ProductoMedida.java</file>
            <file>file:/C:/Users/f/Desktop/Gestion%20de%20Cotizaciones%20del%20Almacen%20de%20Linea%20Electrica/src/grafica/Ppal.java</file>
            <file>file:/C:/Users/f/Desktop/Gestion%20de%20Cotizaciones%20del%20Almacen%20de%20Linea%20Electrica/src/Entidades/Almacen.java</file>
            <file>file:/C:/Users/f/Desktop/Gestion%20de%20Cotizaciones%20del%20Almacen%20de%20Linea%20Electrica/src/logic/LogicaUtopica.java</file>
            <file>file:/C:/Users/f/Desktop/Gestion%20de%20Cotizaciones%20del%20Almacen%20de%20Linea%20Electrica/src/Entidades/Producto.java</file>
            <file>file:/C:/Users/f/Desktop/Gestion%20de%20Cotizaciones%20del%20Almacen%20de%20Linea%20Electrica/src/Entidades/ProductoUnicitario.java</file>
            <file>file:/C:/Users/f/Desktop/Gestion%20de%20Cotizaciones%20del%20Almacen%20de%20Linea%20Electrica/src/persistencia/RegistroElementosUtopicos.java</file>
            <file>file:/C:/Users/f/Desktop/Gestion%20de%20Cotizaciones%20del%20Almacen%20de%20Linea%20Electrica/src/persistencia/GestionCotizacion.java</file>
            <file>file:/C:/Users/f/Desktop/Gestion%20de%20Cotizaciones%20del%20Almacen%20de%20Linea%20Electrica/src/grafica/ImprimirPantalla.java</file>
            <file>file:/C:/Users/f/Desktop/Gestion%20de%20Cotizaciones%20del%20Almacen%20de%20Linea%20Electrica/src/persistencia/GestionUsuario.java</file>
            <file>file:/C:/Users/f/Desktop/Gestion%20de%20Cotizaciones%20del%20Almacen%20de%20Linea%20Electrica/src/Entidades/Cliente.java</file>
            <file>file:/C:/Users/f/Desktop/Gestion%20de%20Cotizaciones%20del%20Almacen%20de%20Linea%20Electrica/src/Entidades/Usuario.java</file>
            <file>file:/C:/Users/f/Desktop/Gestion%20de%20Cotizaciones%20del%20Almacen%20de%20Linea%20Electrica/src/persistencia/GestionClientes.java</file>
            <file>file:/C:/Users/f/Desktop/Gestion%20de%20Cotizaciones%20del%20Almacen%20de%20Linea%20Electrica/src/Entidades/DetalleCotizacion.java</file>
            <file>file:/C:/Users/f/Desktop/Gestion%20de%20Cotizaciones%20del%20Almacen%20de%20Linea%20Electrica/src/Entidades/Cotizacion.java</file>
            <file>file:/C:/Users/f/Desktop/Gestion%20de%20Cotizaciones%20del%20Almacen%20de%20Linea%20Electrica/src/Entidades/PropiedadEntidades.java</file>
            <file>file:/C:/Users/f/Desktop/Gestion%20de%20Cotizaciones%20del%20Almacen%20de%20Linea%20Electrica/src/Entidades/Gerente.java</file>
        </group>
    </open-files>
</project-private>
